TvBaseR1,T67P542,Tv Base,680
ElectronicDictionary67,E6N2308,Electronic Dictionary,970
ExhaustFanD8,E9G8372,Exhaust Fan,320
MultifunctionalT4,M421X86,Multifunctional,90
ServerBarebonesH4,SE17564,Server Barebones,70
LaptopDockingStation94,L17546O,Laptop Docking Station,620
DotMatrixPrinterK1,D8150P6,Dot Matrix Printer,690
HumidifierY5,HD86793,Humidifier,470
PhysicalSecurityIsolation35,P41857Y,Physical Security Isolation,620
HumidifierF6,HD86793,Humidifier,790
SteeringWheel71,SY73215,Steering Wheel,830
HotPotJ2,H7143H9,Hot Pot,230
BuildingIntercom75,B239N58,Building Intercom,80
SerialCommunicationServerE9,S2180L4,Serial Communication Server,170
CasetteLibrary26,C95F078,Casette Library,60
MicrophoneDigitalCompanionX4,MR92570,Microphone Digital Companion,730
Mp437,M9J6453,Mp4,600
ServerPowerO3,S5291W4,Server Power,860
ToiletSeatO7,T35X601,Toilet Seat,810
DiskArray57,D7903R1,Disk Array,530
SecurityCameraY2,S86042Z,Security Camera,230
SecurityCamera25,S86042Z,Security Camera,570
CameraBattery26,C3752Y9,Camera Battery,340
HumidifierE8,HD86793,Humidifier,580
HardDiskRecording82,H8713D4,Hard Disk Recording,450
AirConditioner27,A35J746,Air Conditioner,220
DvrE9,D56294N,Dvr,510
InkCartridgeU4,I41V392,Ink Cartridge,890
Laptop'SBatteryT2,L7B6430,Laptop'S Battery,160
PrintServer18,P1275R8,Print Server,170
PhotoBox60,P4052D1,Photo Box,820
DotMatrixPrinter76,D8150P6,Dot Matrix Printer,50
PedometerC2,P20O395,Pedometer,780
OpticalTransceiver15,OP18549,Optical Transceiver,60
FlatFilm23,FK39705,Flat Film,990
HardDiskA7,H5684K7,Hard Disk,530
MobilePhoneCarAccessories90,M79W815,Mobile Phone Car Accessories,60
TapeDrivesG3,T739U65,Tape Drives,90
DesktopPc74,D0Q2543,Desktop Pc,170
HomeTheater94,HW53167,Home Theater,600
CardReader59,C741G20,Card Reader,240
Tester04,T0E9518,Tester,70
PowerSupply63,P968H24,Power Supply,870
WashingMachine56,W08294X,Washing Machine,630
GameLightGunGamePeripheral93,G053V91,Game Light Gun Game Peripheral,710
AntivirusAndEmailFiltering05,A08264O,Antivirus And Email Filtering,600
OfficeSoftware20,O8C6513,Office Software,800
ScreenSplitterA3,S7K6834,Screen Splitter,530
LightningProtectionProducts26,L47869Q,Lightning Protection Products,800
AirPurifierV6,AE80564,Air Purifier,900
LargeFormatPrinterT5,L92148E,Large Format Printer,80
Cpu38,C02614Q,Cpu,830
AntivirusSoftwareP9,A392R56,Antivirus Software,480
BarcodeAndCardReadingEquipment27,B830R57,Barcode And Card Reading Equipment,380
OpticalTransceiver40,OP18549,Optical Transceiver,440
FaxMachineCopierD4,F8E7125,Fax Machine Copier,820
RemoteControl83,R243J08,Remote Control,780
TvBase65,T67P542,Tv Base,80
LaminatorMoDriveH2,L0528N6,Laminator Mo Drive,670
Anti-SlipMobilePhone26,A273M51,Anti-Slip Mobile Phone,580
TvBase30,T67P542,Tv Base,500
Yuba80,YS95071,Yuba,70
MonitorB2,M328K91,Monitor,720
HotelEntertainment81,HI14706,Hotel Entertainment,10
Anti-TheftAlarmHostN4,A37260X,Anti-Theft Alarm Host,230
Charger07,C48967S,Charger,70
MobilePower20,M97X845,Mobile Power,930
E-BookF8,E7R6098,E-Book,940
OnlineTelephoneO8,O032T69,Online Telephone,870
DatabaseSoftwareO6,DR28405,Database Software,80
FlashAccessories41,F76983D,Flash Accessories,460
RouterB5,R5F0782,Router,670
MultiplexerL3,MM72065,Multiplexer,550
DvdPlayer89,DT47956,Dvd Player,770
MicroscopeU0,M713N46,Microscope,290
DesktopPc78,D0Q2543,Desktop Pc,90
PrinterH8,P8130N9,Printer,790
Pbx05,P7604Q5,Pbx,890
TvHanger69,T28310Y,Tv Hanger,570
WirelessAccessPointY0,WJ50817,Wireless Access Point,770
DigitalCameraS4,D50A198,Digital Camera,500
ClusterH8,C96H382,Cluster,270
GpsI3,G21467A,Gps,680
ReceiptPrinter06,RC12709,Receipt Printer,730
TollMachine89,T7E2913,Toll Machine,990
MobilePhone49,MR46392,Mobile Phone,630
HardDiskRecordingT5,H8713D4,Hard Disk Recording,560
CellPhoneBattery21,C681E75,Cell Phone Battery,210
IsbnPrinterA3,I291Q38,Isbn Printer,650
Telescope92,TU23769,Telescope,550
SerialCommunicationServer74,S2180L4,Serial Communication Server,220
AdapterRing70,A794O23,Adapter Ring,790
OtherAccessoriesQ9,O853L07,Other Accessories,80
LaminatingMachineC3,LR91308,Laminating Machine,590
HandwritingInputE9,H4239U1,Handwriting Input,120
ToasterElectricOvenB8,T9T8140,Toaster Electric Oven,110
MobilePhone56,MR46392,Mobile Phone,980
DishwasherM7,D230D47,Dishwasher,1000
Air-ConditioningFan79,A50L172,Air-Conditioning Fan,180
GameLightGunGamePeripheralL5,G053V91,Game Light Gun Game Peripheral,180
ColorManagementX0,C6C1543,Color Management,490
ReceiptPrinter76,RC12709,Receipt Printer,440
GasWaterHeaterB3,GC81302,Gas Water Heater,540
HardDisk51,H239M48,Hard Disk,280
NetworkCardZ5,N89L425,Network Card,840
CursorMarkingMachineZ7,CY08734,Cursor Marking Machine,520
LinePrinterX7,L15649H,Line Printer,450
Mouse12,M6328D7,Mouse,40
DehumidifierG3,D51962U,Dehumidifier,180
LaminatingMachineE3,LR91308,Laminating Machine,700
IndustrialNetworkSwitchR2,I072X68,Industrial Network Switch,30
Anti-TheftAlarmHost23,A37260X,Anti-Theft Alarm Host,100
PrecisionAirConditionerG9,P3650F7,Precision Air Conditioner,900
ViewfinderL1,VM86749,Viewfinder,610
DigitalMobileTvZ2,D0W8356,Digital Mobile Tv,940
WirelessNetworkCardK0,W49310P,Wireless Network Card,790
ElectricToothbrushX5,E738Y40,Electric Toothbrush,840
PrintMedia70,PY35974,Print Media,610
CameraRemoteO4,C98142A,Camera Remote,140
MonitorF1,M328K91,Monitor,960
Laptop78,L8N0649,Laptop,480
MultiplexerL4,MM72065,Multiplexer,390
LaptopPowerAdapterD3,L504L71,Laptop Power Adapter,920
CleaningAndMaintenanceD0,C46258Y,Cleaning And Maintenance,160
PhysicalSecurityIsolationN5,P41857Y,Physical Security Isolation,200
LaserPrinterT5,L0X9362,Laser Printer,180
FlashCardG3,F6L2495,Flash Card,720
LaserPrinterC5,L0X9362,Laser Printer,520
PressureCookerP8,P6398B4,Pressure Cooker,10
Cd-RomBox49,CF29758,Cd-Rom Box,280
GamePackL5,GS13927,Game Pack,530
CasetteLibraryT2,C95F078,Casette Library,340
LargeFormatPrinterD9,L92148E,Large Format Printer,460
RepeaterB1,R54810N,Repeater,320
LcdTvS3,L891S65,Lcd Tv,810
FruitAndVegetableWashingMachineL2,F24170J,Fruit And Vegetable Washing Machine,340
FruitAndVegetableWashingMachineF9,F24170J,Fruit And Vegetable Washing Machine,650
HoodB4,H089L35,Hood,170
PlasmaTv10,P15647X,Plasma Tv,940
DigitalMobileTvH2,D0W8356,Digital Mobile Tv,330
ServerHardDriveJ1,S2501J4,Server Hard Drive,100
UDisk10,U198C32,U Disk,30
ServerHardDrive65,S2501J4,Server Hard Drive,780
TrafficManagement93,T9508D4,Traffic Management,580
VacuumCleaner90,V5W8496,Vacuum Cleaner,270
VacuumCleaner07,V5W8496,Vacuum Cleaner,310
Cabinet07,C2056I7,Cabinet,900
ServerBarebones96,SE17564,Server Barebones,620
Pbx69,P7604Q5,Pbx,640
TvPlayer60,TO87603,Tv Player,990
LaminatorMoDrive12,L0528N6,Laminator Mo Drive,970
InternetBehaviorManagementG2,I357B21,Internet Behavior Management,680
WorkstationU5,W9718W3,Workstation,890
BillingSystemI2,BP82450,Billing System,100
GameMachineWire98,G071O86,Game Machine Wire,800
GameMachineWireH5,G071O86,Game Machine Wire,680
CoffeeMachine86,C6C1349,Coffee Machine,20
RangeHoodE2,R796N84,Range Hood,880
KeyboardAndMouseSet73,K62879Z,Keyboard And Mouse Set,370
PhotoBox94,P4052D1,Photo Box,820
ScreenSplitter58,S7K6834,Screen Splitter,230
Telephone67,T0X9417,Telephone,910
AllInOneComputerT0,A31Y204,All In One Computer,880
SpeakerAccessoriesG0,S93N807,Speaker Accessories,300
GameChargerA5,G9372K0,Game Charger,170
HardDiskExtractionBox93,H18Z450,Hard Disk Extraction Box,460
WirelessHdS0,WC49732,Wireless Hd,940
Monocular54,M8I1749,Monocular,170
Anti-SlipMobilePhone87,A273M51,Anti-Slip Mobile Phone,230
LaptopA9,L8N0649,Laptop,490
AirConditioner71,A35J746,Air Conditioner,560
ComputerRemoteControlG0,C7826A5,Computer Remote Control,520
IndustrialControlEquipment34,I94V518,Industrial Control Equipment,190
FirewallX5,F4K6753,Firewall,790
MobilePowerN6,M97X845,Mobile Power,900
GasWaterHeaterS7,GC81302,Gas Water Heater,790
Converter21,C04R672,Converter,680
BuildingIntercom04,B239N58,Building Intercom,940
CameraFilmQ3,C58G293,Camera Film,420
TonerCartridge20,T0829X7,Toner Cartridge,230
FruitAndVegetableWashingMachineU6,F24170J,Fruit And Vegetable Washing Machine,30
MultimediaSoftwareA8,M4Y8765,Multimedia Software,710
CentralControlSystemU8,C2B7139,Central Control System,470
WirelessAccessPoint23,WJ50817,Wireless Access Point,910
WirelessRouter47,WM85971,Wireless Router,20
VideoServerX4,V0W6342,Video Server,730
CableJ6,C97014N,Cable,910
WaterHeater57,W1473B8,Water Heater,620
Freezer85,F9135R4,Freezer,160
Cd-RomBox87,CF29758,Cd-Rom Box,640
IntranetSecurityNetworkVulnerabilityScanningP0,IZ80719,Intranet Security Network Vulnerability Scanning,1000
NotebookCase47,N13J804,Notebook Case,250
LcdTv45,L891S65,Lcd Tv,420
CustomerManagementSoftwareCrmW1,CS90168,Customer Management Software Crm,70
PocketPcV3,P09Y825,Pocket Pc,890
ApplicationSupervision29,AE91287,Application Supervision,760
RangeHood35,R796N84,Range Hood,870
RemoteControlL3,R243J08,Remote Control,630
NetworkExtenderB5,N74Y235,Network Extender,590
DehumidifierP0,D51962U,Dehumidifier,410
NotebookAccessories20,N62Z458,Notebook Accessories,890
WaterHeater71,W1473B8,Water Heater,780
MobilePhoneFilm78,M0467E1,Mobile Phone Film,810
SteeringWheel93,SY73215,Steering Wheel,10
FocusingScreenU5,F9N8470,Focusing Screen,810
MicrophoneDigitalCompanion64,MR92570,Microphone Digital Companion,440
Cd-Rom67,CO19853,Cd-Rom,860
PowerAmplifier15,P56U187,Power Amplifier,640
ElectricFan12,EZ12538,Electric Fan,730
PrinterY4,P8130N9,Printer,400
Chassis83,CN93120,Chassis,120
AirConditioner85,A35J746,Air Conditioner,970
Anti-SlipMobilePhoneP4,A273M51,Anti-Slip Mobile Phone,170
KeyboardAndMouseSet74,K62879Z,Keyboard And Mouse Set,420
GameChargerG5,G9372K0,Game Charger,360
CameraRemoteK4,C98142A,Camera Remote,920
Pager17,P6O1843,Pager,290
PaperCutter64,P02C741,Paper Cutter,840
DesktopPcP3,D0Q2543,Desktop Pc,380
OnlineTelephone15,O032T69,Online Telephone,660
ToiletSeat05,T35X601,Toilet Seat,150
MonocularC0,M8I1749,Monocular,610
TabletQ7,T035M47,Tablet,880
HeatSink24,H64578X,Heat Sink,200
Multiplexer89,MM72065,Multiplexer,500
ServerMemoryA4,S7843Q5,Server Memory,470
AttendanceMachineW1,A4A8763,Attendance Machine,390
RealEstateL1,R2I4560,Real Estate,50
AntivirusAndEmailFiltering70,A08264O,Antivirus And Email Filtering,320
LcdTvV7,L891S65,Lcd Tv,870
MoneyCounterA3,MC32085,Money Counter,110
ReadingMachine54,R58049A,Reading Machine,270
SolarWaterHeaters80,S8465W1,Solar Water Heaters,420
AirConditioner38,A35J746,Air Conditioner,620
DigitalCamera75,D50A198,Digital Camera,420
FreezerP7,F9135R4,Freezer,120
AntennaSystem39,AU79605,Antenna System,40
ElectricFanS3,EZ12538,Electric Fan,800
FlashCardU8,F6L2495,Flash Card,120
Cd-RomBox81,CF29758,Cd-Rom Box,210
HotPot14,H7143H9,Hot Pot,480
Cd95,C2F0671,Cd,190
Codec97,C45R631,Codec,670
MobilePhoneFilmZ7,M0467E1,Mobile Phone Film,240
TabletU8,T035M47,Tablet,460
PaperCutterV5,P02C741,Paper Cutter,10
CameraBattery40,C3752Y9,Camera Battery,910
ServerMotherboardQ7,S40897X,Server Motherboard,140
FiberEquipmentF2,FG91426,Fiber Equipment,810
CarEquipment85,CZ28413,Car Equipment,920
RecordingPenR9,R7248S9,Recording Pen,470
CarEquipment35,CZ28413,Car Equipment,130
CameraBagA2,C37A594,Camera Bag,400
BillingSystemC5,BP82450,Billing System,920
WorkstationQ9,W9718W3,Workstation,590
SlrHandleU6,S956G17,Slr Handle,160
ElectronicDictionary86,E6N2308,Electronic Dictionary,360
RepeaterV9,RZ42653,Repeater,250
LensD7,LO12047,Lens,630
NotebookFilmZ1,NY39107,Notebook Film,740
Cpu37,C02614Q,Cpu,800
DyeSublimationPrinterY6,D265U39,Dye Sublimation Printer,370
SolarWaterHeaters26,S8465W1,Solar Water Heaters,50
CarEquipmentS3,CZ28413,Car Equipment,750
CameraBagX6,C37A594,Camera Bag,680
CameraBagI1,C37A594,Camera Bag,300
ConverterE1,C04R672,Converter,680
TonerCartridge96,T0829X7,Toner Cartridge,130
ImageAlarmM3,I36Z941,Image Alarm,150
ToasterElectricOvenO2,T9T8140,Toaster Electric Oven,400
Workstation06,W9718W3,Workstation,60
BluetoothAdapterL1,B189A57,Bluetooth Adapter,180
SoftwareEncryptionI2,S6I1543,Software Encryption,50
Air-ConditioningFan38,A50L172,Air-Conditioning Fan,430
IndustrialControlEquipmentB7,I94V518,Industrial Control Equipment,390
CleaningAndMaintenance12,C46258Y,Cleaning And Maintenance,790
CommunicationSoftware60,C367T20,Communication Software,800
DestroyEquipmentM9,D7Y5182,Destroy Equipment,690
CdDuplicator58,C63081N,Cd Duplicator,130
Monocular31,M8I1749,Monocular,630
SaasSoftwareK7,SR61908,Saas Software,850
CasetteLibraryJ4,C95F078,Casette Library,230
EarphoneV5,E895N12,Earphone,730
MoneyCounter63,MC32085,Money Counter,280
WaterDispenserO9,W05C734,Water Dispenser,760
ElectricIron24,EE05684,Electric Iron,730
PrecisionAirConditioner90,P3650F7,Precision Air Conditioner,810
DehumidifierK8,D51962U,Dehumidifier,460
LaserPointersAndPresentersS3,L29837Y,Laser Pointers And Presenters,210
Monitor57,M328K91,Monitor,250
CabinetZ4,C2056I7,Cabinet,140
ServerMemory84,S7843Q5,Server Memory,110
SurveillanceAroundN5,S15H647,Surveillance Around,590
SaasSoftwareZ5,SR61908,Saas Software,880
TabletBagG4,T1239W5,Tablet Bag,630
FocusingScreenP9,F9N8470,Focusing Screen,30
GameJoystick05,G8573U9,Game Joystick,820
FlashU8,F790I64,Flash,760
UpsPowerShredder92,UL87156,Ups Power Shredder,700
FunctionServerE7,FC40169,Function Server,910
CashRegister06,C634K72,Cash Register,940
FaxMachineCopierV8,F8E7125,Fax Machine Copier,910
MobilePhoneCarAccessoriesW6,M79W815,Mobile Phone Car Accessories,720
VacuumCleaner75,V5W8496,Vacuum Cleaner,680
TwistedPair02,TS64823,Twisted Pair,420
VoiceRecording52,V6Q9754,Voice Recording,720
Binoculars12,B8E1796,Binoculars,390
LaserPointersAndPresentersD7,L29837Y,Laser Pointers And Presenters,660
SoyMilkMachineM1,SW03642,Soy Milk Machine,250
Yuba48,YS95071,Yuba,330
CentralControlSystemO7,C2B7139,Central Control System,470
MonitorO3,M85D039,Monitor,650
RemoteControlJ8,R243J08,Remote Control,390
ComputerTerminal43,CG63821,Computer Terminal,810
CameraBatteryO2,C3752Y9,Camera Battery,760
FlatFilmT9,FK39705,Flat Film,760
HardDiskExtractionBox95,H18Z450,Hard Disk Extraction Box,200
Mp3A1,M2589S0,Mp3,900
UDiskY8,U198C32,U Disk,270
ConverterR3,C04R672,Converter,230
LoadBalancing61,L85R920,Load Balancing,830
ColdLaminatorK3,C9520Y6,Cold Laminator,320
DotMatrixPrinterS4,D8150P6,Dot Matrix Printer,460
YubaR4,YS95071,Yuba,40
LensCap93,L903I17,Lens Cap,900
InternetLivingRoomFitnessW4,I436H05,Internet Living Room Fitness,240
CarEquipment57,CZ28413,Car Equipment,630
Mp4O7,M9J6453,Mp4,750
TollMachineU6,T7E2913,Toll Machine,530
NotebookAccessoriesA7,N62Z458,Notebook Accessories,760
DyeSublimationPrinterW3,D265U39,Dye Sublimation Printer,760
MotherboardA2,M5809H7,Motherboard,720
HotPot92,H7143H9,Hot Pot,900
CentralWaterHeater34,CC50327,Central Water Heater,30
TollMachineH9,T7E2913,Toll Machine,730
BarcodeAndCardReadingEquipment34,B830R57,Barcode And Card Reading Equipment,140
SerialCommunicationServerN8,S2180L4,Serial Communication Server,570
FlatFilm27,FK39705,Flat Film,610
Flash95,F790I64,Flash,410
Air-ConditioningFan21,A50L172,Air-Conditioning Fan,140
PrintMediaP9,PY35974,Print Media,680
OfficeEquipmentAccessoriesI1,O9F4205,Office Equipment Accessories,340
AntivirusAndEmailFiltering80,A08264O,Antivirus And Email Filtering,800
MobilePhoneJ2,MR46392,Mobile Phone,360
TapeDrives59,T739U65,Tape Drives,970
Multifunctional48,M421X86,Multifunctional,340
Program-ControlledSwitchD8,P9L0284,Program-Controlled Switch,830
ElectricBakingPanC6,EU82057,Electric Baking Pan,1000
CashRegister74,C634K72,Cash Register,570
NetworkExtenderA0,N74Y235,Network Extender,360
Server43,S0912X5,Server,870
NetworkExtenderL1,N74Y235,Network Extender,930
AttendanceMachine24,A4A8763,Attendance Machine,410
DigitizerX4,D1G4290,Digitizer,550
LaserPointersAndPresentersE8,L29837Y,Laser Pointers And Presenters,40
CentralWaterHeaterV6,CC50327,Central Water Heater,240
TelephoneM2,T0X9417,Telephone,580
ServerChassisH9,S7Z8134,Server Chassis,380
DigitalFrame12,D68950Z,Digital Frame,950
PocketPcN8,P09Y825,Pocket Pc,170
BluetoothAdapter64,B189A57,Bluetooth Adapter,160
SoftwareEncryption15,S6I1543,Software Encryption,600
BuildingIntercomO1,B239N58,Building Intercom,640
ElectricIronD4,EE05684,Electric Iron,560
InductionCooker21,I8206B5,Induction Cooker,180
MobilePhoneCompanionI6,MG73026,Mobile Phone Companion,540
SpeakerAccessoriesB0,S93N807,Speaker Accessories,580
SaasSoftwareE0,SR61908,Saas Software,590
Digitizer29,D1G4290,Digitizer,760
OpticalTransceiver76,OP18549,Optical Transceiver,610
FiberEquipmentB0,FG91426,Fiber Equipment,1000
CommunicationSoftware13,C367T20,Communication Software,870
RangeHoodC9,R796N84,Range Hood,890
NotebookFilm95,NY39107,Notebook Film,630
InkjetPrintersW0,IQ87164,Inkjet Printers,400
LaminatingMachineV6,LR91308,Laminating Machine,920
LaminatorMoDrive26,L0528N6,Laminator Mo Drive,690
JuicerJ9,JS30927,Juicer,80
Ram93,R6K1395,Ram,10
CashRegister62,C634K72,Cash Register,790
LaptopDisplay24,L8930C4,Laptop Display,830
ImageAlarm54,I36Z941,Image Alarm,360
InfraredAdapterS3,I79Y023,Infrared Adapter,110
SoundCard61,S03485W,Sound Card,170
FlashCard87,F6L2495,Flash Card,600
DigitalAccessoriesL9,DD18704,Digital Accessories,470
Multifunctional39,M421X86,Multifunctional,450
InductionCookerE7,I8206B5,Induction Cooker,780
Mp405,M9J6453,Mp4,910
ElectricHeaterE3,E8T2037,Electric Heater,660
Walkie-TalkieI5,W318D96,Walkie-Talkie,220
TabletBag62,T1239W5,Tablet Bag,30
Earphone27,E895N12,Earphone,150
RemoteControlU8,R243J08,Remote Control,940
WirelessHdX1,WC49732,Wireless Hd,710
VideoGameControllerZ5,V968Q15,Video Game Controller,360
MobilePhoneChargerD7,M40V792,Mobile Phone Charger,180
Cd24,C2F0671,Cd,850
Multifunctional31,M421X86,Multifunctional,470
KeyboardS0,K7458M2,Keyboard,710
FootBathEyeProtectionLampG9,F1L0847,Foot Bath Eye Protection Lamp,210
ToasterElectricOven06,T9T8140,Toaster Electric Oven,820
ChassisZ1,CN93120,Chassis,810
VideoCaptureCard04,V56301I,Video Capture Card,520
Scanner43,SB01298,Scanner,820
ElectronicDictionaryG3,E6N2308,Electronic Dictionary,290
PbxW9,P7604Q5,Pbx,990
LaptopC6,L8N0649,Laptop,610
DyeSublimationPrinterA3,D265U39,Dye Sublimation Printer,650
FaxMachineCopierY2,F8E7125,Fax Machine Copier,300
TransceiverU0,T1749L0,Transceiver,430
BuildingIntercom95,B239N58,Building Intercom,970
GameConsoleFilmN3,G427L06,Game Console Film,70
CabinetS3,C2056I7,Cabinet,940
CashRegisterM3,C634K72,Cash Register,720
LoadBalancingK8,L85R920,Load Balancing,130
BindingMachineM0,BE04182,Binding Machine,740
TabletBaseW5,T95761U,Tablet Base,360
ElectricFanU8,EZ12538,Electric Fan,230
LcdMonitor47,L5T1069,Lcd Monitor,630
MonitorH7,M85D039,Monitor,630
CameraFilm45,C58G293,Camera Film,720
Program-ControlledSwitchS6,P9L0284,Program-Controlled Switch,100
SoyMilkMachine50,SW03642,Soy Milk Machine,970
MouseFootStickerK1,ME59832,Mouse Foot Sticker,190
LensCapN9,L903I17,Lens Cap,130
DatabaseSoftwareT5,DR28405,Database Software,830
ComputerRemoteControl02,C7826A5,Computer Remote Control,180
DisinfectionCabinetX2,DB83217,Disinfection Cabinet,520
Earphone49,E895N12,Earphone,440
AccessControlMachineY2,A58192Z,Access Control Machine,720
CallCenterC9,C8739R1,Call Center,510
AirPurifierD4,AE80564,Air Purifier,540
TranslationSoftware40,TT21465,Translation Software,660
LaptopDesk43,L7P4035,Laptop Desk,960
ServerR5,S0912X5,Server,650
RadioYogurtMakerP4,R81O564,Radio Yogurt Maker,80
ServerO3,S0912X5,Server,900
AttendanceMachine76,A4A8763,Attendance Machine,980
Ribbon17,R04W892,Ribbon,60
Dishwasher20,D230D47,Dishwasher,230
DyeSublimationPrinter41,D265U39,Dye Sublimation Printer,110
Router48,R5F0782,Router,920
Barebones71,B306F21,Barebones,190
Digitizer39,D1G4290,Digitizer,640
ChargerD9,C48967S,Charger,420
DiskArray34,D7903R1,Disk Array,410
LcdTvG1,L891S65,Lcd Tv,550
ToiletSeatC2,T35X601,Toilet Seat,650
EpilatorA8,E4280M5,Epilator,110
TelephoneConferenceI1,T540P67,Telephone Conference,630
ElectricToothbrush21,E738Y40,Electric Toothbrush,380
BluetoothAdapterP2,B189A57,Bluetooth Adapter,760
FocusingScreenU8,F9N8470,Focusing Screen,350
SurveillanceCaptureCardO3,SK73928,Surveillance Capture Card,120
Massager63,M62870K,Massager,80
WirelessSecurityS4,W920W86,Wireless Security,330
RamZ7,R6K1395,Ram,590
ModularInterfaceCardHub47,M859T76,Modular Interface Card Hub,970
TvWall19,T1R9247,Tv Wall,300
TvBaseT6,T67P542,Tv Base,990
LoadBalancingD6,L85R920,Load Balancing,480
AccessControlMachine78,A58192Z,Access Control Machine,890
UDiskK0,U198C32,U Disk,530
DotMatrixPrinterV1,D8150P6,Dot Matrix Printer,410
WaterDispenserI8,W05C734,Water Dispenser,20
Mouse94,M6328D7,Mouse,540
FunctionServerO8,FC40169,Function Server,520
ImageAlarm30,I36Z941,Image Alarm,880
VideoServerD1,V0W6342,Video Server,760
PrintMediaY8,PY35974,Print Media,10
VideoCaptureCard60,V56301I,Video Capture Card,750
NotebookFilmY0,NY39107,Notebook Film,780
Monitor75,M85D039,Monitor,180
MotherboardChipsetK8,M320L69,Motherboard Chipset,240
Dishwasher49,D230D47,Dishwasher,410
HoodX9,H089L35,Hood,590
Anti-SlipMobilePhone15,A273M51,Anti-Slip Mobile Phone,240
HeatSink10,H64578X,Heat Sink,390
FlatFilm07,FK39705,Flat Film,560
WaterDispenserY1,W05C734,Water Dispenser,80
ElectricIronB1,EE05684,Electric Iron,950
Walkie-Talkie31,W318D96,Walkie-Talkie,980
MicrophoneDigitalCompanion60,MR92570,Microphone Digital Companion,200
FootBathEyeProtectionLamp14,F1L0847,Foot Bath Eye Protection Lamp,760
Anti-TheftAlarmHost87,A37260X,Anti-Theft Alarm Host,760
ShutterReleaseP4,S1490W6,Shutter Release,740
PrintMediaD1,PY35974,Print Media,380
DisinfectionCabinetQ3,DB83217,Disinfection Cabinet,780
ChargerF5,C48967S,Charger,330
GasWaterHeaterN7,GC81302,Gas Water Heater,570
ImageSoftwareTypesettingSoftwareP6,I1M6430,Image Software Typesetting Software,720
PocketPc54,P09Y825,Pocket Pc,490
WirelessNetworkCardX4,W49310P,Wireless Network Card,580
MobileHardDisk42,M2348K0,Mobile Hard Disk,60
ElectricFanE2,EZ12538,Electric Fan,900
AidedDesign56,A59027Z,Aided Design,790
Micro-WaveOvenJ2,M108M47,Micro-Wave Oven,500
E-Book16,E7R6098,E-Book,140
Anti-SlipMobilePhoneP9,A273M51,Anti-Slip Mobile Phone,150
Telescope03,TU23769,Telescope,630
OfficeEquipmentAccessories21,O9F4205,Office Equipment Accessories,190
Filter91,FJ71643,Filter,940
Console71,C2698S3,Console,230
LoadBalancingY7,L85R920,Load Balancing,620
WaterHeater40,W1473B8,Water Heater,840
CuttingPlotterD4,C21057Z,Cutting Plotter,840
InkjetPrintersS4,IQ87164,Inkjet Printers,560
ServerAccessoriesO3,S92348F,Server Accessories,140
ColdLaminator86,C9520Y6,Cold Laminator,370
TvWallQ1,T1R9247,Tv Wall,330
Camera95,C91D367,Camera,860
DatabaseSoftware09,DR28405,Database Software,680
CardReaderQ0,C741G20,Card Reader,790
DisinfectionCabinetQ0,DB83217,Disinfection Cabinet,620
TvBaseP0,T67P542,Tv Base,350
CursorMarkingMachineR0,CY08734,Cursor Marking Machine,370
RefrigeratorZ7,R39U102,Refrigerator,70
Ssd73,S36N209,Ssd,930
Digitizer54,D1G4290,Digitizer,370
ChargerU3,C48967S,Charger,790
LaptopDesk45,L7P4035,Laptop Desk,450
AccessControlSystem78,A4158M9,Access Control System,740
SetTopBoxI0,SL87069,Set Top Box,170
Speaker30,S8104Z6,Speaker,160
LaptopDisplayF0,L8930C4,Laptop Display,930
FruitAndVegetableWashingMachineX1,F24170J,Fruit And Vegetable Washing Machine,580
TelescopeL9,TU23769,Telescope,950
ServerChassis79,S7Z8134,Server Chassis,260
SetTopBoxD3,SL87069,Set Top Box,70
Charger01,C48967S,Charger,990
InductionDetector38,IY01329,Induction Detector,1000
TabletD9,T035M47,Tablet,460
SoftwareEncryption06,S6I1543,Software Encryption,90
MobilePhoneFilm18,M0467E1,Mobile Phone Film,420
RibbonS0,R04W892,Ribbon,520
LightningProtectionProductsK9,L47869Q,Lightning Protection Products,10
TapeDrivesH2,T739U65,Tape Drives,600
ConnectingLine92,C186H47,Connecting Line,780
ConnectingLine13,C186H47,Connecting Line,470
PrecisionAirConditionerK9,P3650F7,Precision Air Conditioner,690
VoiceRecordingL5,V6Q9754,Voice Recording,350
DigitalMobileTvO8,D0W8356,Digital Mobile Tv,510
BinocularsJ1,B8E1796,Binoculars,910
RadioYogurtMaker82,R81O564,Radio Yogurt Maker,870
EpilatorR1,E4280M5,Epilator,570
AntivirusAndEmailFiltering47,A08264O,Antivirus And Email Filtering,830
ClusterR4,C96H382,Cluster,820
ComputerFingerprintEncryptionLock83,C1F0953,Computer Fingerprint Encryption Lock,270
Gps07,G21467A,Gps,980
SolarWaterHeaters12,S8465W1,Solar Water Heaters,590
Cabinet97,C2056I7,Cabinet,530
SteeringWheel49,SY73215,Steering Wheel,850
Blu-RayPlayerD5,B56K283,Blu-Ray Player,700
Router92,R5F0782,Router,190
Cd74,C2F0671,Cd,800
GamePackW4,GS13927,Game Pack,810
SpeakerAccessories96,S93N807,Speaker Accessories,370
WirelessHd53,WC49732,Wireless Hd,770
InkCartridgeO9,I41V392,Ink Cartridge,390
TesterO7,T0E9518,Tester,840
Tape53,T5382D6,Tape,580
PowerAmplifierA3,P56U187,Power Amplifier,720
CdPrintRecorder57,C78629B,Cd Print Recorder,780
SoyMilkMachineF7,SW03642,Soy Milk Machine,820
AntivirusSoftware09,A392R56,Antivirus Software,460
OperatingSystemY5,O36987R,Operating System,900
NotebookCaseZ1,N13J804,Notebook Case,610
GameConsoleBattery25,G80142H,Game Console Battery,190
BarcodeAndCardReadingEquipment20,B830R57,Barcode And Card Reading Equipment,90
PowerLineCommunicationEquipment94,PI37560,Power Line Communication Equipment,790
GpsE3,G21467A,Gps,680
ServerBarebonesT3,SE17564,Server Barebones,70
TvHanger86,T28310Y,Tv Hanger,230
MotherboardP7,M5809H7,Motherboard,850
TabletBase04,T95761U,Tablet Base,390
ImageSoftwareTypesettingSoftwareC6,I1M6430,Image Software Typesetting Software,450
GraphicsCardC0,G70Z416,Graphics Card,380
VideoDistributorR8,V0147T3,Video Distributor,590
GameConsoleBatteryB1,G80142H,Game Console Battery,820
DesktopPc48,D0Q2543,Desktop Pc,480
ScannerO9,SB01298,Scanner,550
HeatSink95,H64578X,Heat Sink,520
OfficeEquipmentAccessories24,O9F4205,Office Equipment Accessories,230
MobilePhoneFilmH3,M0467E1,Mobile Phone Film,690
HumidifierY1,HD86793,Humidifier,850
ServerPower76,S5291W4,Server Power,470
WirelessAccessPointZ1,WJ50817,Wireless Access Point,220
AccessControlMachineA8,A58192Z,Access Control Machine,350
CabinetZ3,C2056I7,Cabinet,730
GasWaterHeaterF4,GC81302,Gas Water Heater,80
MobilePhoneCharger07,M40V792,Mobile Phone Charger,680
LightningProtectionProductsD6,L47869Q,Lightning Protection Products,240
ToiletSeatU4,T35X601,Toilet Seat,200
GameChargerN0,G9372K0,Game Charger,590
ToiletSeatM4,T35X601,Toilet Seat,390
WirelessAccessPointR1,WJ50817,Wireless Access Point,490
LightningProtectionProductsE4,L47869Q,Lightning Protection Products,170
TranslationSoftwareU0,TT21465,Translation Software,160
RecordingPenA3,R7248S9,Recording Pen,30
CdPrintRecorder13,C78629B,Cd Print Recorder,540
CableAdapterCardN9,CM46520,Cable Adapter Card,680
ServerAccessories10,S92348F,Server Accessories,440
GameMachineWire89,G071O86,Game Machine Wire,850
VideoCaptureCard83,V56301I,Video Capture Card,410
ElectricFencF6,ER04531,Electric Fenc,60
ServerPowerH6,S5291W4,Server Power,770
UDiskJ7,U198C32,U Disk,10
PrintServerV0,P1275R8,Print Server,840
DiskArrayM7,D7903R1,Disk Array,570
GameConsoleBatteryZ5,G80142H,Game Console Battery,430
TelephoneConferenceY7,T540P67,Telephone Conference,50
BarcodeAndCardReadingEquipment71,B830R57,Barcode And Card Reading Equipment,500
SoundCard93,S03485W,Sound Card,240
RouterX4,R5F0782,Router,710
ServerChassis71,S7Z8134,Server Chassis,950
GameConsoleBattery50,G80142H,Game Console Battery,890
CentralWaterHeaterX5,CC50327,Central Water Heater,360
PaperCutterI4,P02C741,Paper Cutter,570
AdapterRing49,A794O23,Adapter Ring,20
ImageSoftwareTypesettingSoftware28,I1M6430,Image Software Typesetting Software,250
LaserPointersAndPresentersV2,L29837Y,Laser Pointers And Presenters,600
ReadingMachineQ3,R58049A,Reading Machine,480
CasetteLibraryD5,C95F078,Casette Library,220
LensQ4,LO12047,Lens,260
CdX0,C2F0671,Cd,270
AidedDesignV1,A59027Z,Aided Design,670
Cd-Rom02,CO19853,Cd-Rom,650
SetTopBox78,SL87069,Set Top Box,150
DigitalMobileTv28,D0W8356,Digital Mobile Tv,180
LaptopDockingStationF9,L17546O,Laptop Docking Station,550
Hand-HeldGamingDeviceD7,H7Y6824,Hand-Held Gaming Device,660
Digitizer56,D1G4290,Digitizer,130
ServerMotherboardY0,S40897X,Server Motherboard,70
FiberEquipmentC4,FG91426,Fiber Equipment,740
ColdLaminator63,C9520Y6,Cold Laminator,870
VoiceRecordingR0,V6Q9754,Voice Recording,310
SecurityCameraS5,S86042Z,Security Camera,550
TeachingSoftware73,TI26891,Teaching Software,670
TranslationSoftware03,TT21465,Translation Software,120
ComputerFingerprintEncryptionLock04,C1F0953,Computer Fingerprint Encryption Lock,520
SteeringWheelI5,SY73215,Steering Wheel,700
MobileHardDisk72,M2348K0,Mobile Hard Disk,460
RecordingPenM2,R7248S9,Recording Pen,210
LinePrinter31,L15649H,Line Printer,460
OfficeSoftwareT1,O8C6513,Office Software,460
BindingMachine56,BE04182,Binding Machine,800
HardDisk52,H9842K1,Hard Disk,360
DestroyEquipment65,D7Y5182,Destroy Equipment,660
ScreenSplitterX5,S7K6834,Screen Splitter,730
HotPotI6,H7143H9,Hot Pot,780
Dishwasher18,D230D47,Dishwasher,720
MouseB8,M6328D7,Mouse,130
ServerPower40,S5291W4,Server Power,670
DigitalFrame48,D68950Z,Digital Frame,510
ServerPowerV7,S5291W4,Server Power,390
WaterHeater94,W1473B8,Water Heater,20
MobilePhoneCarAccessories21,M79W815,Mobile Phone Car Accessories,660
TrafficManagementN0,T9508D4,Traffic Management,580
Hand-HeldGamingDeviceO6,H7Y6824,Hand-Held Gaming Device,70
TelephoneConference05,T540P67,Telephone Conference,850
NetworkCardG1,N89L425,Network Card,780
OperatingSystemH9,O36987R,Operating System,660
TollMachineJ1,T7E2913,Toll Machine,30
RadioYogurtMaker75,R81O564,Radio Yogurt Maker,260
VideoServerY0,V0W6342,Video Server,880
TabletBase60,T95761U,Tablet Base,540
PhysicalSecurityIsolationD9,P41857Y,Physical Security Isolation,550
Program-ControlledSwitchS2,P9L0284,Program-Controlled Switch,480
MotherboardChipsetY5,M320L69,Motherboard Chipset,690
Cpu68,C02614Q,Cpu,350
SpeakerAccessories69,S93N807,Speaker Accessories,610
RibbonD5,R04W892,Ribbon,180
CardReaderL3,C741G20,Card Reader,170
RealEstateW0,R2I4560,Real Estate,460
ImageAlarm41,I36Z941,Image Alarm,780
MobilePowerK1,M97X845,Mobile Power,440
PowerAmplifierJ9,P56U187,Power Amplifier,990
SurveillanceCaptureCard79,SK73928,Surveillance Capture Card,710
Multimedia39,M4329T8,Multimedia,750
GameConsoleMemory17,G75X306,Game Console Memory,690
VideoDistributorZ5,V0147T3,Video Distributor,890
Tripod50,T75D268,Tripod,580
Repeater18,R54810N,Repeater,120
RamY9,R6K1395,Ram,60
Cluster15,C96H382,Cluster,320
FlatFilm91,FK39705,Flat Film,310
PhotoBox56,P4052D1,Photo Box,920
DesktopPcZ6,D0Q2543,Desktop Pc,440
IndustrialControlEquipment60,I94V518,Industrial Control Equipment,590
PrintServer04,P1275R8,Print Server,350
Minicomputer24,ML18593,Minicomputer,730
CleaningAndMaintenanceE5,C46258Y,Cleaning And Maintenance,700
NetworkManagementAndBackupSoftwarevirtualizationSoftware51,N2364L9,Network Management And Backup Softwarevirtualization Software,340
Cd49,C2F0671,Cd,530
RemoteControlI4,R243J08,Remote Control,630
TwistedPairW0,TS64823,Twisted Pair,400
WirelessNetworkCardL1,W49310P,Wireless Network Card,40
CashRegisterY2,C634K72,Cash Register,790
SoftwareEncryptionY3,S6I1543,Software Encryption,80
VideoServer94,V0W6342,Video Server,980
Ribbon48,R04W892,Ribbon,600
Gps21,G21467A,Gps,320
Server40,S0912X5,Server,670
LoadBalancingY3,L85R920,Load Balancing,460
EarphoneP5,E895N12,Earphone,710
WirelessSecurity90,W920W86,Wireless Security,60
MobilePhoneStylus63,M9P8604,Mobile Phone Stylus,900
SlrHandle74,S956G17,Slr Handle,730
TabletCase05,T38951Z,Tablet Case,260
DvdPlayerG0,DT47956,Dvd Player,330
BillingSystem06,BP82450,Billing System,820
GameChargerK2,G9372K0,Game Charger,20
HomeTheater30,HW53167,Home Theater,130
PaperCutter65,P02C741,Paper Cutter,470
AccessControlMachineK1,A58192Z,Access Control Machine,490
TollMachine62,T7E2913,Toll Machine,510
FiberEquipment38,FG91426,Fiber Equipment,810
Codec76,C45R631,Codec,590
Hood15,H089L35,Hood,790
LaptopPowerAdapter37,L504L71,Laptop Power Adapter,540
CursorMarkingMachine03,CY08734,Cursor Marking Machine,870
MailServerSoftware74,M48J309,Mail Server Software,960
MobilePhoneStylusX9,M9P8604,Mobile Phone Stylus,440
DigitalFrameE7,D68950Z,Digital Frame,360
CardReaderQ9,C741G20,Card Reader,780
OfficeEquipmentAccessories73,O9F4205,Office Equipment Accessories,830
Hand-HeldGamingDeviceN2,H7Y6824,Hand-Held Gaming Device,210
OpticalTransceiver46,OP18549,Optical Transceiver,390
GasWaterHeaterF8,GC81302,Gas Water Heater,900
AccessController53,A094G67,Access Controller,720
MonitorU9,M328K91,Monitor,870
ComputerFingerprintEncryptionLockE3,C1F0953,Computer Fingerprint Encryption Lock,580
CommunicationSoftware34,C367T20,Communication Software,870
All-In-OnePrintingMachineW9,AA85346,All-In-One Printing Machine,650
IntegratedWiringZ2,I53862I,Integrated Wiring,360
ServerBarebonesM0,SE17564,Server Barebones,720
AirPurifierO6,AE80564,Air Purifier,200
TranslationSoftware97,TT21465,Translation Software,770
ElectricBakingPan74,EU82057,Electric Baking Pan,290
PocketPc24,P09Y825,Pocket Pc,950
FiberOpticCableT6,F40365I,Fiber Optic Cable,730
MonocularY1,M8I1749,Monocular,740
CdPrintRecorderL8,C78629B,Cd Print Recorder,940
MultifunctionalF7,M421X86,Multifunctional,440
Cpu60,C02614Q,Cpu,780
OfficeEquipmentAccessories10,O9F4205,Office Equipment Accessories,530
Toner79,TF15948,Toner,90
Tablet90,T035M47,Tablet,240
CdPrintRecorder59,C78629B,Cd Print Recorder,310
ColdLaminatorV6,C9520Y6,Cold Laminator,180
AidedDesign81,A59027Z,Aided Design,540
AudioAndVideoCableP6,A02N847,Audio And Video Cable,210
ServerHardDrive17,S2501J4,Server Hard Drive,120
Speaker31,S8104Z6,Speaker,630
GameChargerZ3,G9372K0,Game Charger,460
RadioYogurtMaker92,R81O564,Radio Yogurt Maker,140
Anti-TheftAlarmHost50,A37260X,Anti-Theft Alarm Host,310
CameraBattery09,C3752Y9,Camera Battery,160
RangeHoodO1,R796N84,Range Hood,630
MobilePhoneCompanion86,MG73026,Mobile Phone Companion,200
PhotoBoxP3,P4052D1,Photo Box,30
TwistedPairU0,TS64823,Twisted Pair,450
ElectricKettleR3,E2L5374,Electric Kettle,570
DevelopSoftware23,D93P178,Develop Software,100
CameraBag51,C37A594,Camera Bag,420
CasetteLibraryI1,C95F078,Casette Library,370
Monitor84,M328K91,Monitor,370
TelephoneU9,T0X9417,Telephone,870
AntivirusAndEmailFilteringE7,A08264O,Antivirus And Email Filtering,70
KeyboardAndMouseSet90,K62879Z,Keyboard And Mouse Set,90
DestroyEquipment06,D7Y5182,Destroy Equipment,570
Switch59,S3R8754,Switch,880
PressureCookerS7,P6398B4,Pressure Cooker,540
ServerMotherboard86,S40897X,Server Motherboard,550
CentralControlSystem74,C2B7139,Central Control System,590
NotebookAccessoriesA6,N62Z458,Notebook Accessories,440
LargeFormatPrinter95,L92148E,Large Format Printer,550
RadioYogurtMakerR4,R81O564,Radio Yogurt Maker,590
CoffeeMachineK4,C6C1349,Coffee Machine,650
FocusingScreenR8,F9N8470,Focusing Screen,350
E-Book87,E7R6098,E-Book,780
Pbx97,P7604Q5,Pbx,260
InkCartridgeX2,I41V392,Ink Cartridge,460
ElectricHeaterP7,E8T2037,Electric Heater,50
Massager82,M62870K,Massager,70
LaminatingMachineY9,LR91308,Laminating Machine,160
PrecisionAirConditionerK4,P3650F7,Precision Air Conditioner,40
SolarWaterHeatersU5,S8465W1,Solar Water Heaters,230
CellphoneDataLine14,C7G8396,Cellphone Data Line,530
DigitalMobileTv84,D0W8356,Digital Mobile Tv,610
Mp4C9,M9J6453,Mp4,760
CustomerManagementSoftwareCrm50,CS90168,Customer Management Software Crm,580
SoundCardE9,S03485W,Sound Card,180
SerialCommunicationServer64,S2180L4,Serial Communication Server,970
DvrL0,D56294N,Dvr,870
EpilatorO0,E4280M5,Epilator,710
SurveillanceCaptureCardD5,SK73928,Surveillance Capture Card,200
PhotocopyingMachineS8,P45Q120,Photocopying Machine,860
Hand-HeldGamingDeviceL3,H7Y6824,Hand-Held Gaming Device,510
PhotoBoxU2,P4052D1,Photo Box,780
PedometerT4,P20O395,Pedometer,240
CoffeeMachineL7,C6C1349,Coffee Machine,210
Air-ConditioningFan51,A50L172,Air-Conditioning Fan,130
HardDiskExtractionBoxA4,H18Z450,Hard Disk Extraction Box,270
IndustrialNetworkSwitchA7,I072X68,Industrial Network Switch,80
SecurityCamera42,S86042Z,Security Camera,20
SaasSoftware94,SR61908,Saas Software,780
EpilatorW2,E4280M5,Epilator,430
Pbx06,P7604Q5,Pbx,310
LensI9,LO12047,Lens,950
Program-ControlledSwitchZ8,P9L0284,Program-Controlled Switch,150
DisplayChipB4,DE13695,Display Chip,220
CleaningAndMaintenanceY4,C46258Y,Cleaning And Maintenance,830
HotelEntertainment63,HI14706,Hotel Entertainment,100
LensCapU7,L903I17,Lens Cap,640
MouseG8,M6328D7,Mouse,190
Hand-HeldGamingDeviceR5,H7Y6824,Hand-Held Gaming Device,840
FlashAccessories76,F76983D,Flash Accessories,90
UpsPowerShredderT7,UL87156,Ups Power Shredder,540
RiceCooker18,R45327J,Rice Cooker,410
MousePad98,M489T70,Mouse Pad,1000
PhoneVoiceCardC4,P1D2567,Phone Voice Card,930
UpsPowerShredderT4,UL87156,Ups Power Shredder,760
CardPrinterP8,C9W7563,Card Printer,550
LaptopDesk56,L7P4035,Laptop Desk,850
NotebookAccessories35,N62Z458,Notebook Accessories,420
HoodP6,H089L35,Hood,590
Blu-RayPlayerG1,B56K283,Blu-Ray Player,990
CursorMarkingMachine84,CY08734,Cursor Marking Machine,900
LargeFormatPrinterW0,L92148E,Large Format Printer,320
DiskArray38,D7903R1,Disk Array,430
DehumidifierT0,D51962U,Dehumidifier,710
YubaE3,YS95071,Yuba,710
LabelPrinterA6,L60241X,Label Printer,980
ServerAccessories38,S92348F,Server Accessories,770
Tablet82,T035M47,Tablet,380
CustomerManagementSoftwareCrm36,CS90168,Customer Management Software Crm,590
ModularInterfaceCardHub96,M859T76,Modular Interface Card Hub,470
ElectricHeaterR1,E8T2037,Electric Heater,750
MassagerU3,M62870K,Massager,260
ElectricIronD7,EE05684,Electric Iron,530
SetTopBoxV1,SL87069,Set Top Box,270
VoiceRecording38,V6Q9754,Voice Recording,520
Repeater97,R54810N,Repeater,970
WirelessNetworkCardN4,W49310P,Wireless Network Card,950
Dehumidifier97,D51962U,Dehumidifier,300
Multimedia49,M4329T8,Multimedia,870
DvdPlayer78,DT47956,Dvd Player,980
LaptopDockingStationQ9,L17546O,Laptop Docking Station,780
CellphoneDataLineP5,C7G8396,Cellphone Data Line,60
All-In-OnePrintingMachine57,AA85346,All-In-One Printing Machine,90
ServerHardDriveB3,S2501J4,Server Hard Drive,910
DigitalAccessoriesD7,DD18704,Digital Accessories,960
MobilePhoneBaseX8,M70628E,Mobile Phone Base,20
Scanner87,SB01298,Scanner,120
FlashAccessories02,F76983D,Flash Accessories,560
AidedDesign24,A59027Z,Aided Design,30
DigitalCamera90,D50A198,Digital Camera,460
Freezer65,F9135R4,Freezer,990
PocketPcE0,P09Y825,Pocket Pc,700
MobilePowerV4,M97X845,Mobile Power,540
HairDryer59,H362I81,Hair Dryer,50
MobilePhoneChargerF9,M40V792,Mobile Phone Charger,740
TripodF5,T75D268,Tripod,140
ToasterElectricOvenX4,T9T8140,Toaster Electric Oven,300
MicrophoneDigitalCompanionF7,MR92570,Microphone Digital Companion,580
TonerCartridgeH6,T0829X7,Toner Cartridge,570
RepeaterK4,RZ42653,Repeater,250
FiberOpticCable39,F40365I,Fiber Optic Cable,240
Keyboard28,K7458M2,Keyboard,890
OfficeSoftwareS9,O8C6513,Office Software,10
FiberEquipmentH6,FG91426,Fiber Equipment,1000
Blu-RayPlayer63,B56K283,Blu-Ray Player,550
GameConsoleFilmN2,G427L06,Game Console Film,740
CameraFilmO0,C58G293,Camera Film,360
Ssd50,S36N209,Ssd,270
WaterDispenser12,W05C734,Water Dispenser,810
ConnectingLine29,C186H47,Connecting Line,200
VideoServer62,V0W6342,Video Server,260
E-BookD6,E7R6098,E-Book,490
TrafficManagementF4,T9508D4,Traffic Management,690
WirelessHdC8,WC49732,Wireless Hd,810
AirConditionerF9,A35J746,Air Conditioner,290
MotherboardZ4,M5809H7,Motherboard,580
SetTopBoxW7,SL87069,Set Top Box,500
PrecisionAirConditionerI6,P3650F7,Precision Air Conditioner,1000
LaptopI7,L8N0649,Laptop,300
WirelessNetworkCardD4,W52V643,Wireless Network Card,280
HotelEntertainmentV4,HI14706,Hotel Entertainment,310
CodecH2,C45R631,Codec,850
FocusingScreenU7,F9N8470,Focusing Screen,540
ConsoleA3,C2698S3,Console,320
PhysicalSecurityIsolation71,P41857Y,Physical Security Isolation,460
LensCapR5,L903I17,Lens Cap,850
Tester74,T0E9518,Tester,810
AidedDesign96,A59027Z,Aided Design,990
SaasSoftwareY1,SR61908,Saas Software,40
ConnectingLine54,C186H47,Connecting Line,170
ElectricHeater39,E8T2037,Electric Heater,1000
Epilator24,E4280M5,Epilator,700
TeachingSoftwareO3,TI26891,Teaching Software,260
UpsPowerShredderJ5,UL87156,Ups Power Shredder,820
FlashAccessories19,F76983D,Flash Accessories,300
TapeS1,T5382D6,Tape,40
OfficeSoftwareD7,O8C6513,Office Software,670
Air-ConditioningFan81,A50L172,Air-Conditioning Fan,310
ImageAlarmA1,I36Z941,Image Alarm,930
InkCartridgeC4,I41V392,Ink Cartridge,160
PowerLineCommunicationEquipmentZ2,PI37560,Power Line Communication Equipment,620
LaminatorMoDriveP4,L0528N6,Laminator Mo Drive,200
ServerAccessoriesC2,S92348F,Server Accessories,570
FootBathEyeProtectionLamp74,F1L0847,Foot Bath Eye Protection Lamp,720
Razor72,R6713Q9,Razor,970
NotebookCaseF3,N13J804,Notebook Case,480
ToasterElectricOven64,T9T8140,Toaster Electric Oven,670
MobilePhoneCarAccessoriesR1,M79W815,Mobile Phone Car Accessories,370
FlashCard95,F6L2495,Flash Card,180
NetworkCardC7,N89L425,Network Card,320
Scanner21,SB01298,Scanner,880
InternetBehaviorManagement96,I357B21,Internet Behavior Management,920
SoftwareEncryptionP5,S6I1543,Software Encryption,70
TelephoneH7,T0X9417,Telephone,420
Mp4Z2,M9J6453,Mp4,230
NotebookCase03,N13J804,Notebook Case,40
Anti-TheftAlarmHostW0,A37260X,Anti-Theft Alarm Host,760
CarEquipment58,CZ28413,Car Equipment,370
ScreenSplitterB7,S7K6834,Screen Splitter,390
BarcodeAndCardReadingEquipment70,B830R57,Barcode And Card Reading Equipment,640
NotebookAccessoriesA4,N62Z458,Notebook Accessories,210
FruitAndVegetableWashingMachineX6,F24170J,Fruit And Vegetable Washing Machine,80
CustomerManagementSoftwareCrm49,CS90168,Customer Management Software Crm,640
ElectricBakingPanN2,EU82057,Electric Baking Pan,690
FiberOpticCableI3,F40365I,Fiber Optic Cable,820
SerialCommunicationServerP5,S2180L4,Serial Communication Server,650
PrintServerX4,P1275R8,Print Server,340
MobilePowerO4,M97X845,Mobile Power,240
Program-ControlledSwitchB0,P9L0284,Program-Controlled Switch,340
NotebookCaseP4,N13J804,Notebook Case,530
UpsPowerShredder19,UL87156,Ups Power Shredder,110
GasStoves79,G58A216,Gas Stoves,120
HairDryerX7,H362I81,Hair Dryer,300
GameMachineWire80,G071O86,Game Machine Wire,120
IsbnPrinterW6,I291Q38,Isbn Printer,250
ComputerRemoteControlN5,C7826A5,Computer Remote Control,90
PrintMediaL2,PY35974,Print Media,340
HumidifierZ4,HD86793,Humidifier,610
LaptopDockingStation45,L17546O,Laptop Docking Station,200
DigitalCamera56,D50A198,Digital Camera,540
DigitalCamera85,D8560Q1,Digital Camera,110
InductionCookerD2,I8206B5,Induction Cooker,560
TonerCartridge29,T0829X7,Toner Cartridge,950
Filter19,FJ71643,Filter,870
WirelessNetworkCard58,W52V643,Wireless Network Card,940
Camera35,C91D367,Camera,270
CellphoneDataLine26,C7G8396,Cellphone Data Line,700
ScreenSplitterN4,S7K6834,Screen Splitter,300
KeyboardAndMouseSetF3,K62879Z,Keyboard And Mouse Set,520
CentralWaterHeaterI0,CC50327,Central Water Heater,760
RangeHoodI8,R796N84,Range Hood,300
LightningProtectionProductsV0,L47869Q,Lightning Protection Products,500
